{
  "Mhcsss": {
    "bottom": 81.80000305175781,
    "height": 65.80000305175781,
    "left": 21,
    "right": 236,
    "top": 16,
    "width": 215
  },
  "Mhscs": {
    "bottom": 139.5,
    "height": 64,
    "left": 27,
    "right": 204,
    "top": 75.5,
    "width": 177
  },
  "Mhqttt": {
    "bottom": 207,
    "height": 175,
    "left": 33,
    "right": 139,
    "top": 31.999996185302734,
    "width": 106
  },
  "Mhtttt": {
    "bottom": 247,
    "height": 175,
    "left": 33,
    "right": 139,
    "top": 72,
    "width": 106
  },
  "MHCSSS": {
    "bottom": 81.80000305175781,
    "height": 65.80000305175781,
    "left": 21,
    "right": 236,
    "top": 16,
    "width": 215
  },
  "MHSCS": {
    "bottom": 139.5,
    "height": 64,
    "left": 27,
    "right": 204,
    "top": 75.5,
    "width": 177
  },
  "MHQTTT": {
    "bottom": 207,
    "height": 175,
    "left": 33,
    "right": 139,
    "top": 31.999996185302734,
    "width": 106
  },
  "MHTTTT": {
    "bottom": 247,
    "height": 175,
    "left": 33,
    "right": 139,
    "top": 72,
    "width": 106
  }
}