{
  "Mhcsss": {
    "bottom": 81.80000305175781,
    "height": 65.80000305175781,
    "left": 21,
    "right": 236,
    "top": 16,
    "width": 215
  },
  "Mhscs": {
    "bottom": 139.5,
    "height": 64,
    "left": 27,
    "right": 204,
    "top": 75.5,
    "width": 177
  },
  "Mhqttt": {
    "bottom": 207,
    "height": 175,
    "left": 33,
    "right": 139,
    "top": 32,
    "width": 106
  },
  "Mhtttt": {
    "bottom": 247,
    "height": 175,
    "left": 33,
    "right": 139,
    "top": 72,
    "width": 106
  },
  "MHCSSS": {
    "bottom": 81.80000305175781,
    "height": 65.80000305175781,
    "left": 21,
    "right": 236,
    "top": 16,
    "width": 215
  },
  "MHSCS": {
    "bottom": 139.5,
    "height": 64,
    "left": 27,
    "right": 204,
    "top": 75.5,
    "width": 177
  },
  "MHQTTT": {
    "bottom": 207,
    "height": 175,
    "left": 33,
    "right": 139,
    "top": 32,
    "width": 106
  },
  "MHTTTT": {
    "bottom": 247,
    "height": 175,
    "left": 33,
    "right": 139,
    "top": 72,
    "width": 106
  },
  "rotated": {
    "bottom": 130.30667114257812,
    "height": 109.60582733154297,
    "left": 295.5260925292969,
    "right": 465.8404846191406,
    "top": 20.700841903686523,
    "width": 170.31439208984375
  },
  "hv": {
    "bottom": 237,
    "height": 97,
    "left": 309,
    "right": 438,
    "top": 140,
    "width": 129
  }
}