{
  "cp_outside_path_with_transform": {
    "width": 396.56829833984375,
    "height": 374.4143981933594,
    "top": -39.90259552001953,
    "right": 717.2595825195312,
    "bottom": 334.51180267333984,
    "left": 320.6912841796875
  },
  "cp_outside_path_transform_applied": {
    "width": 292.4634094238281,
    "height": 267.30645751953125,
    "top": -11.346054077148438,
    "right": 638.224365234375,
    "bottom": 255.9604034423828,
    "left": 345.7609558105469
  },
  "cp_inside_path_with_transform": {
    "width": 257.5615234375,
    "height": 230.10955810546875,
    "top": 370.34576416015625,
    "right": 608.1801147460938,
    "bottom": 600.455322265625,
    "left": 350.61859130859375
  },
  "cp_inside_path_transform_applied": {
    "width": 229.93359375,
    "height": 133.14328002929688,
    "top": 416.0527038574219,
    "right": 580.6536254882812,
    "bottom": 549.1959838867188,
    "left": 350.72003173828125
  }
}
