{
  "ellipse":
    {
      "bottom": 89,
      "height": 65,
      "left": 32,
      "right": 157,
      "top": 24,
      "width": 125
    },

  "ellipseRotate":
    {
      "bottom": 118.00739288330078,
      "height": 118.02119445800781,
      "left": 191.85549926757812,
      "right": 336.1639099121094,
      "top": -0.013803482055664062,
      "width": 144.30841064453125
    },

  "ellipseShear":
    {
      "bottom": 86.89999389648438,
      "height": 54.69999313354492,
      "left": 339.29998779296875,
      "right": 521.7000122070312,
      "top": 32.20000076293945,
      "width": 182.4000244140625
    },

  "rect":
    {
      "bottom": 237,
      "height": 72,
      "left": 43,
      "right": 167,
      "top": 165,
      "width": 124
    },

  "rectRotate":
    {
      "bottom": 259.3480529785156,
      "height": 116.73480224609375,
      "left": 195.56600952148438,
      "right": 338.21759033203125,
      "top": 142.61325073242188,
      "width": 142.65158081054688
    },

  "rectShear":
    {
      "bottom": 237,
      "height": 72,
      "left": 360.5,
      "right": 500.5,
      "top": 165,
      "width": 140
    },

  "circle":
    {
      "bottom": 396.4000244140625,
      "height": 107.80001831054688,
      "left": 49.19999694824219,
      "right": 157,
      "top": 288.6000061035156,
      "width": 107.80000305175781
    },

  "circleRotate":
    {
      "bottom": 396.4000244140625,
      "height": 107.80001831054688,
      "left": 213.20001220703125,
      "right": 321,
      "top": 288.6000061035156,
      "width": 107.79998779296875
    },

  "circleScale":
    {
      "bottom": 375.5999755859375,
      "height": 66.19998168945312,
      "left": 384.8999938964844,
      "right": 475.29998779296875,
      "top": 309.3999938964844,
      "width": 90.39999389648438
    },

  "heart":
    {
      "bottom": 568.5999755859375,
      "height": 132.4000244140625,
      "left": 27.30000114440918,
      "right": 193.5,
      "top": 436.199951171875,
      "width": 166.1999969482422
    }
}
